date,close,return,ma_10,ma_50,volatility,rsi,macd,bb_high,bb_low
2023-10-09,24517.64743616608,0.009590457239211592,24671.983174422254,28446.964597858223,0.018327964084847163,27.799369354953342,-1157.9591522658739,28102.500402857644,23137.957874881155
2023-10-10,23461.525159977573,-0.04307600388406829,24537.682822145565,28316.195101057776,0.022515164620888446,26.78266663793417,-1186.222745841471,28072.00756809245,22850.38146642418
2023-10-11,23675.074290185083,0.00910209923486982,24376.46364135949,28181.64587456631,0.021461894521141507,27.300016286571093,-1177.8131207819642,28029.71452883853,22633.372949941673
2023-10-12,23470.828074558012,-0.008627057010408001,24181.457524082864,28044.50546572031,0.021070814434902337,32.453184326749536,-1174.0951568590754,27744.39802383169,22514.696944231266
2023-10-13,23097.100905405896,-0.01592305000764882,23953.88630641188,27889.46245658612,0.02110466858883991,35.20177026515323,-1187.6152139246806,27415.598042319405,22400.308919838943
2023-10-14,23473.396730431345,0.016291907221021695,23780.507009401535,27717.836213489027,0.022600495288601533,37.9118776271455,-1154.655874142998,27154.000545006897,22326.38935572573
2023-10-15,24101.8966476726,0.026774988062398863,23760.630445864273,27561.89173368968,0.02233301849103471,39.51318343016449,-1065.5378125495845,26648.557262316663,22501.31345805893
2023-10-16,24687.138973844543,0.02428200297790495,23840.57977622741,27420.748499518748,0.02277513223495739,43.988936619027434,-936.8870908367608,26323.973849226062,22634.810639314306
2023-10-17,24193.879122191316,-0.019980438080565932,23896.323296214832,27244.039679072634,0.02360533269853237,40.99846384531898,-864.7639541185708,25851.514687375573,22850.30939861045
2023-10-18,24031.04683020276,-0.006730309396280498,23870.953417063523,27050.73970270426,0.022030061075531255,41.01594554491072,-811.3918337815448,25686.82194068478,22870.201161072204
2023-10-19,24254.09305286278,0.009281585785089197,23844.59797873319,26869.13644504577,0.02201403920915231,49.60280365895749,-742.5365783334273,25655.194972794307,22861.386180361136
2023-10-20,24869.871203177954,0.02538862817805887,23985.432583053225,26690.139147598158,0.017637330209488954,58.09748377435998,-631.0062940873031,25664.135427231253,22858.979977967538
2023-10-21,24596.8160349038,-0.010979355946132197,24077.6067575251,26512.84068409538,0.018371073063858944,57.8888985365152,-558.2162410036653,25555.334442214968,22898.735956669625
2023-10-22,24507.247358582994,-0.0036414744165954582,24181.2486859276,26340.873676060146,0.01805593577216895,52.0124521011439,-501.9706380833377,25394.638680241038,22968.06752976942
2023-10-23,23853.923984206147,-0.026658374350150726,24256.930993807626,26151.17293576435,0.01965215363887621,44.42112925107078,-504.30007149396624,25187.76239237328,23023.05490784623
2023-10-24,23164.42236118475,-0.028905165602016836,24226.033556882965,25978.908771516537,0.021471616373089086,47.33870708881408,-555.3810952733002,25032.06257498583,22974.477991298663
2023-10-25,23658.129066778638,0.021313145559854973,24181.656798793567,25843.29008959482,0.020740299811594157,49.85546757078739,-549.6887004060445,25000.962463298023,22941.32478135981
2023-10-26,24483.93973688192,0.034906000714270524,24161.336875097306,25732.136592621046,0.02242097606023327,57.81282132141364,-473.08795353136884,25054.844580502227,22947.07207082249
2023-10-27,24464.34638968834,-0.0008002530395083696,24188.38360184701,25635.203937490358,0.021374892761000016,61.1529678439424,-409.24480970446893,25100.98203098605,22983.72486707579
2023-10-28,25102.580146764984,0.026088322447300527,24295.53693350323,25545.84428941206,0.022492216608684886,62.7450178411462,-303.6482598772309,25239.935806143636,22926.55454442311
2023-10-29,25354.63265947964,0.010040900626190785,24405.590894164918,25474.3596716984,0.022511053640469528,60.41342508413692,-197.3487880880275,25402.252166577557,22847.93670632055
2023-10-30,24971.067932154456,-0.015127993865128087,24415.710567062568,25415.053352697458,0.022009320172905703,52.44205215408898,-142.4144931328192,25490.964201797673,22910.178948318127
2023-10-31,25221.649855474927,0.010034890137710306,24478.19394911968,25339.727481162747,0.02178041055002968,59.224874027603306,-77.76240498984407,25620.023261829174,22935.7774448156
2023-11-01,26216.666998938443,0.03945091416164925,24649.135913155224,25286.994588942085,0.024476841544917246,67.06759981686434,53.15170861772276,25956.662199917104,22873.722399165723
2023-11-02,26219.40268250647,0.00010434902225120446,24885.683782985256,25232.765137994425,0.02168780714755491,65.89407336253964,155.3322600351421,26181.60233808542,22961.012438707465
2023-11-03,27271.22263684939,0.04011609139535022,25296.36381055172,25219.6030746337,0.01882723870583518,68.14102707225658,317.5239447110798,26690.471637798237,22831.92572963645
2023-11-04,25512.40255985055,-0.06449362760224353,25481.791159858913,25178.3081444548,0.0316404020058004,55.64874891023126,300.6739599562934,26762.64134332292,22900.806615329562
2023-11-05,26062.132651324653,0.02154756260938062,25639.610451303186,25145.926808728254,0.030646094546331566,59.077510768044455,327.89903378502277,26906.179689932695,22894.76763646779
2023-11-06,26144.910589959283,0.003176176705954381,25807.66687133028,25130.57784916968,0.030563706192977255,64.32950986510315,352.0958470315454,27048.318688849537,22947.731784327752
2023-11-07,25975.617489457476,-0.006475183761646575,25894.970605599527,25106.249320538238,0.030045420747970772,68.80715691770938,353.5361132441285,27136.88170688263,23053.625832220136
2023-11-08,26061.181677742476,0.0032940194133874723,25965.62550742581,25091.254531612547,0.029966287873609568,67.00530933227817,357.46125862151894,27230.43988458788,23140.776517002854
2023-11-09,24792.282994909037,-0.04868922286502231,25947.74701370127,25054.255839666737,0.033867788407159906,52.05324457542827,255.24019544476687,27229.375079268957,23134.082501494875
2023-11-10,24680.921087671606,-0.004491797195937952,25893.674136920938,25022.512464469182,0.03369140933979995,51.42474886273648,163.3601767609107,27228.86251544951,23143.005570591107
2023-11-11,24925.9486886817,0.009927814287793657,25764.602305895263,24970.81637460821,0.030864994213964533,48.77462577541027,109.05911403492428,27228.989193423164,23184.74902562733
2023-11-12,25871.822415533767,0.037947351118537975,25729.844279197994,24937.673203629845,0.03369577164704052,53.27291094149422,140.72702185848902,27245.24543708349,23370.28262509976
2023-11-13,25562.47936168841,-0.011956755456841162,25558.9699516819,24912.35144396984,0.030543897780128143,53.77809592530996,139.25739523848097,27082.907042414994,23772.426719818624
2023-11-14,25071.364315099745,-0.019212340072329526,25514.866127206813,24865.636961246975,0.023443369518336688,49.068560214084066,97.34173083409769,26942.73496548855,24053.92232157718
2023-11-15,24781.94233848046,-0.01154392608961341,25386.847095922396,24829.315782172653,0.022128306098094123,40.255589883197466,40.30472234440458,26919.212595890272,24107.24495133531
2023-11-16,25373.860343254335,0.023885052942551832,25309.7420712519,24801.52332608304,0.02385927103265705,44.68276931137105,42.37682465103353,26878.007591793128,24239.401350789052
2023-11-17,25607.776322202455,0.009218777741492046,25272.9579545264,24804.097719077232,0.024100592930559453,38.33988502762379,62.1773039851214,26885.72510587861,24282.203454247316
2023-11-18,25294.23457846289,-0.012244005094176003,25196.26324459844,24816.81215986892,0.02428157906000709,48.08213516746945,51.97004978633777,26885.22307061002,24276.66568141423
2023-11-19,25644.096484407724,0.013831685827834006,25281.44459354831,24833.60351590219,0.018486469970351988,46.191302362435756,71.28987389643589,26886.95948698856,24342.232120261015
2023-11-20,25731.977231940906,0.003426938733700924,25386.55020797524,24842.49773858009,0.01827274513748056,46.24128863917534,92.6244980150077,26899.700205185025,24380.524139711157
2023-11-21,26380.837980228494,0.025216124763322245,25532.03913712992,24861.696713238172,0.01939822360143086,53.392337401259766,160.0450808999085,26925.74256642438,24370.898876600804
2023-11-22,25944.20009513131,-0.016551327346933764,25539.276905089675,24873.124453498483,0.0168718690018997,49.075048303105305,176.21208713075248,26891.851278390313,24377.269905897352
2023-11-23,25757.620987853123,-0.0071915536649441725,25558.79106770614,24884.13307924485,0.01654805900402948,59.20888644141713,171.98662662126662,26556.840122419733,24560.920896968306
2023-11-24,25530.884278975347,-0.008802703828303948,25604.743064093705,24908.737519163453,0.015433322981996664,57.93362454983302,148.6288602532586,26557.617214533875,24561.99197676664
2023-11-25,24622.294393721528,-0.035587873703303075,25588.77826961781,24923.430493633623,0.019182329744757854,47.478070201735115,56.15473495604965,26539.34567889539,24436.27968664482
2023-11-26,24829.19570406111,0.008403006926614331,25534.31180569849,24947.2855292685,0.01755291067649384,40.12907900089901,-0.4314949785657518,26465.061093557953,24378.992783392438
2023-11-27,25016.069710828455,0.007526381804497273,25475.14114456109,24961.912011050754,0.017440220201165254,44.7041372234631,-29.853190313664527,26397.96600961745,24350.133089470037
2023-11-28,25044.283745235065,0.0011278364160616228,25450.146061238305,24972.444737232137,0.01709350764052486,49.711659388466416,-50.31347661711334,26303.517622340136,24342.891683496615
2023-11-29,24922.45136069959,-0.004864678334378647,25377.98154886749,25001.663261246573,0.01631264981053906,51.5514392036737,-75.48906520393575,26296.824060831023,24362.60208158478
2023-11-30,24065.51110015757,-0.03438426855126031,25211.33493568916,25009.47199744602,0.018903424880922795,36.35250208328711,-162.71316177299013,26384.835997615446,24213.04914604895
2023-12-01,23836.50049415175,-0.009516133069134014,24956.901187081483,25016.7854458379,0.015267427988491953,31.504749602367184,-247.46550045549884,26504.486791321862,23984.453532889536
2023-12-02,23656.10912608232,-0.007567862913169243,24728.092090176586,25027.965610251427,0.015101468812889039,32.40584284445909,-325.4369803467016,26542.31576422936,23725.053231036894
2023-12-03,23205.296269456354,-0.01905693173054046,24472.859618336908,25022.603601031926,0.015399300779351893,24.362216996235105,-418.7793422675604,26649.816274612014,23381.83441143104
2023-12-04,23134.934497644816,-0.0030321427916502053,24233.264640203855,25003.264358031374,0.015567689718081937,22.59776727152034,-492.75131312193844,26756.011029418987,23081.996674878574
2023-12-05,23391.761684795503,0.011101271420363545,24110.21136931125,24977.35681225039,0.013845408110485194,15.616791472552265,-524.6035225015657,26809.42933346693,22889.560305462135
2023-12-06,24518.183723838745,0.04815464753026322,24079.110171289016,24983.842904283338,0.021641292000460517,35.84316286975525,-453.7235407242988,26755.777128539143,22857.644848448363
2023-12-07,24649.71017979051,0.005364445320795941,24042.474218185223,24996.216171275093,0.021556715698021717,38.87961499704896,-382.5280138915514,26671.73480933238,22845.880553413925
2023-12-08,24833.073452170498,0.007438759768069181,24021.353188878766,25007.79577926125,0.02172634084565897,42.93437325984884,-307.7614795291265,26632.551831463385,22838.947418653686
2023-12-09,24811.688503261787,-0.0008611478941541462,24010.276903134985,25006.63212526292,0.021676596291646578,52.33770103782756,-247.3823789640519,26542.932875735467,22845.32557626701
2023-12-10,23646.301349189427,-0.04696928038247605,23968.35592803817,24987.621831548637,0.024108394210440868,38.19313139040389,-290.2230004534431,26427.416398578138,22752.274465149192
2023-12-11,23654.273773318437,0.00033715311376947277,23950.13325595484,24970.56235984335,0.023944914657645595,35.90403740940967,-319.8442284652847,26129.04390543054,22777.990537605787
2023-12-12,23713.545593975992,0.0025057552485256984,23955.876902744207,24967.754792038744,0.02382656328110663,36.31351531594152,-334.67855841110577,25891.97482105458,22791.994171866216
2023-12-13,25197.56424315551,0.06258105281213222,24155.103700114123,25008.417629678162,0.02965493924988358,52.21020685827709,-224.10364195649163,25773.905188543846,22854.058129907186
2023-12-14,25101.58611319997,-0.003809024119528215,24351.76886166964,25037.286770606584,0.02968997584223633,59.48312714185778,-142.57336003600722,25688.32199475097,22896.711507122527
2023-12-15,25315.920613833016,0.00853868355834031,24544.18475457339,25053.926388145606,0.029676894424258336,63.5775132336574,-59.97368201320569,25790.3482056845,22864.04791820014
2023-12-16,25319.26752429126,0.0001322057573689417,24624.29313461864,25071.024810837665,0.026197680768145645,65.77647349449072,5.6916162123015965,25865.778150768427,22837.625155139234
2023-12-17,24604.834994709236,-0.02821695094048826,24619.805616110512,25061.06990779655,0.02802443567273999,62.643476466244955,0.08215672189908219,25818.155095540722,22844.12473875501
2023-12-18,25332.413999187225,0.02957057036287547,24669.739670812185,25060.6255345907,0.029497643612997882,67.74494913947572,53.72683517955011,25866.840330951323,22824.252528739627
2023-12-19,25833.953385278557,0.01979832581716945,24771.966159013864,25077.88324365318,0.029965115269898722,68.9712575752507,135.15270995360697,26034.87116324703,22747.371898901816
2023-12-20,26370.67439981824,0.02077579867607615,25044.403464076742,25100.86373454005,0.024141365709306327,65.84176703062163,240.22306075178858,26363.429114017712,22649.330278097204
2023-12-21,25797.51606237627,-0.021734686369868417,25258.727692982528,25092.480715808808,0.026170738826657956,59.12624678229193,274.0835188091078,26518.754345042984,22690.106603894386
2023-12-22,26728.02879765325,0.036069857773402436,25560.176013350254,25102.653238111743,0.02736819689248112,63.46683462043084,371.7178449580533,26837.78061213615,22678.272303958314
2023-12-23,25818.03893704258,-0.034046276569806966,25622.22348273896,25073.589564115606,0.024587515734243812,56.34982106625593,371.38409058207253,26884.283878935177,22893.043303917908
2023-12-24,26222.644458434996,0.015671427345006705,25734.32931726246,25087.794402087293,0.024784738235963284,67.98253087698698,399.16652871102633,26942.861720430723,23143.23645850138
2023-12-25,27684.855579833275,0.05576139064524943,25971.22281386249,25120.248860657466,0.029631526801753884,73.38548586166885,533.0281121006847,27333.883313815197,23181.52425462068
2023-12-26,27026.96905771756,-0.02376340812826716,26141.992967205115,25137.890030012633,0.03137235611871434,67.97585989092306,579.3500504611256,27571.325970791346,23194.960131032414
2023-12-27,26671.363246389534,-0.013157443240069289,26348.645792373147,25151.80494515127,0.02981754847500197,59.111133611840266,580.672472484177,27716.09628014701,23252.355128336647
2023-12-28,26764.4805535422,0.003491284127191019,26491.852447808644,25165.87092266727,0.028895592099925264,60.28377302173583,582.5193692553366,27860.66015153295,23300.93196708788
2023-12-29,26454.363425251366,-0.011586891352905027,26553.893451805925,25199.112531274113,0.028921123536830212,56.9579966767414,552.5892824829825,27944.486558818975,23381.373052000814
2023-12-30,25455.272439784847,-0.03776658577665337,26462.35325580259,25214.599558316382,0.030734714114728053,50.74104461695423,443.1429047468264,27832.79342045958,23673.963299419745
2023-12-31,25524.359942298866,0.0027140743701505876,26435.037643794843,25226.567783388724,0.030053066946458606,55.38917473904199,357.85551037065306,27682.792967606685,24010.97236917069
2024-01-01,24872.018743311517,-0.02555759284315262,26249.436638360676,25206.571709944274,0.02792756496729133,47.277695698482766,234.91816260262203,27516.75650626927,24292.856145441652
2024-01-02,25191.370757341047,0.012839810765879589,26186.76982039052,25199.149537857335,0.026760922504318652,46.116761003151055,161.39797202202317,27517.02119098229,24291.972112147196
2024-01-03,24637.523208901686,-0.02198560585584497,26028.25769543719,25190.472715733373,0.02662593892643493,39.54790035642714,57.77581916147028,27554.670599561217,24207.916413138435
2024-01-04,25616.82435400796,0.039748360125438476,25821.45457285466,25207.170356043916,0.02269712282479916,48.961191624694216,54.052846938328,27553.64640409446,24239.03098262269
2024-01-05,25140.829628000072,-0.018581332308405973,25632.84062988291,25202.509741738835,0.022340972383122503,40.37191476459324,12.548912245056272,27559.658775357773,24215.174821730256
2024-01-06,24963.548114911515,-0.0070515379051419025,25462.05911673511,25189.625177593018,0.022236703198493843,44.310858706795834,-34.25353805725172,27526.5898860291,24284.115023079157
2024-01-07,25496.218567979344,0.021337930434241814,25335.23291817882,25193.664857383348,0.023779079235063588,45.244599843435566,-28.039540892030345,27524.21379584614,24302.87157014133
2024-01-08,24737.155145564157,-0.029771607910848985,25163.5120902101,25175.526030606474,0.02503581576594393,28.7469098332801,-83.40355355191423,27553.28526412625,24164.12027788977
2024-01-09,24902.560093002274,0.006686498365103155,25108.240855531847,25158.937687827703,0.022685221290717313,33.51196795547064,-112.63475223850764,27513.36092903118,24057.23318230325
2024-01-10,25741.24267781154,0.033678568857060664,25129.92912908311,25146.145781779363,0.025351055380492815,43.28466982941138,-67.3496475524662,27510.646738483705,24054.320034394255
2024-01-11,24732.5185194555,-0.039187080864030666,25115.97910669751,25121.912150265845,0.02724144256539666,37.04264396043603,-111.57037135616338,27411.43559134893,23953.980153709246
2024-01-12,24871.412546111675,0.005615846463307594,25083.983285574574,25104.18798143102,0.02695061609528145,39.68053898838256,-133.86491498641772,27399.967054521094,23870.786051444
2024-01-13,25057.875263392507,0.007497069856210681,25126.018491023653,25094.72780111936,0.025989343035985105,47.102297507723264,-134.93210517020634,27336.997122506284,23817.279063954564
2024-01-14,25572.703638632476,0.020545571794432727,25121.606419486106,25113.73598601758,0.023478201726639263,50.33099203775666,-93.16160480878898,26925.79684648033,24017.264145860438
2024-01-15,24807.471993649084,-0.029923767771952048,25088.27065605101,25113.301511809343,0.024720843789329486,49.56479895485799,-120.4178784296164,26643.726604129435,24077.384681804484
2024-01-16,24013.34970444481,-0.03201141532710694,24993.250815004336,25093.247111681663,0.026583224307165434,42.53520292237877,-203.74901184764894,26489.608515527954,23965.701416211497
2024-01-17,24350.70218766035,0.014048539140422367,24878.699176972437,25079.37548053017,0.025916423561824907,48.13121918296102,-239.8037016269409,26200.526057760188,24013.406037391076
2024-01-18,24555.847523153036,0.008424616830829734,24860.568414731322,25072.04340377924,0.024519392577854158,42.31160462485915,-248.95400216541384,25928.375390940517,24095.70511400091
2024-01-19,24734.179976644522,0.007262321258646898,24843.73040309555,25085.416781308977,0.024538715677208837,46.9203456967989,-239.0600076972005,25875.480897428548,24076.49036119885
2024-01-20,24973.141965778275,0.009661205237424308,24766.920331892223,25108.149610741508,0.021861416666981083,50.07198400438943,-209.52147719778804,25810.15950331979,24086.689957655544
2024-01-21,24573.556259938592,-0.01600061803946229,24751.02410594053,25126.498553418638,0.018553467590883364,42.93606128334749,-215.86682753220884,25811.00067112578,24056.002541512258
2024-01-22,24740.812298542645,0.006806342429025003,24737.96408118363,25157.208874000364,0.018600744754231416,50.03078937830777,-205.03587297643753,25783.719431070927,24038.22793568727
2024-01-23,24946.824387135,0.008326811832467085,24726.85899355788,25193.446671790163,0.018641538480596465,50.37012805327057,-177.77947845982635,25789.692216753556,24063.18526782798
2024-01-24,24526.251227117016,-0.01685878545065922,24622.213752406333,25216.136462636594,0.01772742356188654,39.07673036722091,-187.94877211964558,25688.034616271972,24055.78555562046
2024-01-25,25694.788838181328,0.04764436277861894,24710.945436859554,25239.668564923446,0.021668918163103883,58.40954857399272,-100.55762556173067,25788.51626067406,24010.699832236507
2024-01-26,26024.859548204688,0.0128458230227948,24912.096421235547,25267.171552291726,0.017733458884607374,59.75435388614127,-4.612395686155651,25974.4402126553,23930.907023584583
2024-01-27,25275.796752903294,-0.02878258743006612,25004.60587775984,25276.026018306384,0.021033602210673255,51.68277253599447,10.85663431409921,25943.2902687941,23940.014785938172
2024-01-28,25715.94543888654,0.01741384021584569,25120.61566933319,25294.11115701888,0.021435149035419838,51.11900785187993,57.964098474625644,26044.445132338504,23936.738951726013
2024-01-29,25115.039868029213,-0.02336704175568305,25158.701658471662,25323.485927395675,0.0231676171691753,52.466040522559105,46.275609204658394,26055.616369250794,23946.815692316417
2024-01-30,25634.346437959837,0.020677115093561405,25224.822105689815,25363.087380688503,0.023836812518487384,63.5961116196884,78.01676866904018,26035.456529255443,23956.285908326598
2024-01-31,26402.47679574191,0.029964889475185164,25407.714159270145,25416.866004723823,0.024222221939653284,66.0494780680369,163.2714746403435,26284.904633348204,23873.83363186248
2024-02-01,25887.178125863735,-0.01951705795879277,25522.350742002258,25430.658282377986,0.025687997955939207,59.93206780975392,187.09938201059413,26383.445356744163,23876.869466441723
2024-02-02,26536.54254048842,0.025084403231107943,25681.3225573376,25459.35741092376,0.026475632109416895,62.563144438837625,255.4369336011041,26605.16872699292,23803.012823902554
2024-02-03,26836.923548717725,0.011319523173412449,25912.38978949767,25489.77746962145,0.025179871971688344,62.88096772353951,330.02880591849316,26841.748848397234,23692.854693506764
2024-02-04,27415.29961392191,0.021551503999862165,26084.440867071728,25531.698111414065,0.02190747539095716,69.16620074133472,430.8469811017603,27223.65275046469,23571.733553466594
2024-02-05,28742.7436116619,0.048419824566348746,26356.229273417448,25614.456283753112,0.025591457402739284,73.33865499564178,610.8186112661788,27881.580435472148,23386.74525918084
2024-02-06,28595.158162683078,-0.005134702900071786,26688.16541439543,25679.711167023037,0.022485248561252315,71.42251605464301,733.0879311486387,28368.338076453052,23324.433215702215
2024-02-07,28084.923200027348,-0.017843404108937255,26925.063190509507,25724.73056331801,0.02434133518280664,70.67829926189579,779.8261997774753,28655.988525873086,23389.690333969607
2024-02-08,27488.45951219365,-0.021237860740638048,27162.405154925953,25747.086265565522,0.02403299355286125,61.16470418292239,759.9764442631567,28798.020234356394,23523.086579041214
2024-02-09,26955.313772008256,-0.019395257124135923,27294.501888330793,25770.242219758155,0.025240929127189962,55.6488064531517,693.2337967740386,28857.93455566354,23661.389438357062
2024-02-10,26930.31156653988,-0.00092754273535256,27347.285365410593,25774.28787513589,0.023735207772068487,61.01279049008955,631.0479705640173,28865.214836681906,23889.784687998832
2024-02-11,27186.925102440233,0.009528799370416063,27477.260063068235,25801.665598443844,0.022524307074567245,60.036360760465406,595.6060472454956,28887.215363023268,24112.395442047226
2024-02-12,27402.17132849066,0.007917269983250375,27563.82294186846,25825.256135844957,0.021464294535512435,66.47173827220257,578.2212644188148,28924.735477279508,24320.410021926546
2024-02-13,27996.238927572715,0.021679581225900524,27679.754479753967,25831.483802799747,0.0221277202848981,66.82893948809362,605.4012998583748,28951.365834388896,24640.778434862732
2024-02-14,28033.335268288396,0.0013250472969477123,27741.558045190613,25851.61112701116,0.021300371574611985,62.971488071010505,622.7562915577619,29070.468105448414,24755.530806813924
2024-02-15,29080.053806277516,0.03733835192893298,27775.289064652177,25899.784938208923,0.018781409272003172,73.41593979675434,712.7554841925084,29385.028953548248,24746.489384521377
2024-02-16,28916.72798631482,-0.005616420830948932,27807.44604701535,25942.829886864376,0.01880042668472308,68.79578157313142,762.1162621948715,29546.986806081844,24948.624655328935
2024-02-17,30912.10451097696,0.06900422916474058,28090.16417811031,26031.98470857889,0.027178966349200844,75.38516850949483,951.2794861048715,30215.889337886085,24799.338030733732
2024-02-18,31426.53397656838,0.01664168369412522,28483.971624547783,26151.40993931456,0.024890863091048734,75.1874937419197,1129.680607664388,30813.765687339463,24832.611092134273
2024-02-19,30784.52323379523,-0.02042893891040709,28866.89257072648,26256.613205144484,0.025045468993368198,64.02838207824195,1205.3651808853647,31163.216146149753,24998.17831290752
2024-02-20,29991.134882342543,-0.02577231245152778,29172.97490230674,26358.995527925104,0.02773921981058463,58.8095142153317,1187.635616986645,31349.110837708267,25171.149430009067
2024-02-21,30382.87339928908,0.013061810381079564,29492.56973199163,26462.825580764063,0.0277386102238692,64.72172398653447,1191.46042021858,31500.248777470057,25469.581017589808
2024-02-22,30243.520234788175,-0.004586569633146298,29776.70462262138,26574.945521281796,0.028196842831866433,68.74825405778074,1169.7626726455928,31636.65752212303,25703.870042366812
2024-02-23,30813.610964791038,0.018850012352302326,30058.44182634321,26678.881253497457,0.02808353538089794,76.1244448650456,1184.9097073092016,31851.138596762612,25887.057709334556
2024-02-24,31208.978577193604,0.012830940614338537,30376.006157233736,26800.244232481327,0.027924713983633515,77.58713459946954,1214.8130943477408,32132.665122677674,25984.89907974666
2024-02-25,31183.36465639808,-0.0008207228164218705,30586.33724224579,26924.640563311055,0.026517523193727768,76.55856776692526,1222.3543743361552,32392.559164694798,25969.067142203163
2024-02-26,30554.401088572624,-0.020169842951710093,30750.104552471574,27025.804213722924,0.02768004892183323,69.85646311545986,1164.159088297285,32534.52501528735,26023.025584199568
2024-02-27,29427.82424738712,-0.03687118061714667,30601.676526112587,27119.617595759384,0.020037974324101395,58.450866858374006,1015.4283430919495,32553.028184818497,26138.812519404397
2024-02-28,29128.75298330304,-0.010162873801675576,30371.898426786054,27204.141453565397,0.018603433212020876,56.272415089570174,863.4720362595035,32516.753258245797,26339.116793088037
2024-02-29,29781.527459662517,0.022409969858086853,30271.598849372785,27284.947149202417,0.02014047989416661,54.206445424865926,786.6509901458376,32432.09627349715,26706.395146602114
2024-03-01,29970.709955116068,0.006352343603255095,30269.556356650137,27389.71097791563,0.018631952076741627,56.30075216878622,732.5903583249237,32303.21052734632,27139.320731610558
2024-03-02,29067.288774655746,-0.030143469467799666,30137.9978941868,27473.62850248651,0.020230392734297182,37.31559255333228,609.8187679062903,32131.978502870537,27498.589123307902
2024-03-03,29222.203562979867,0.005329523146279547,30035.86622700597,27556.915068478258,0.020452835058756485,34.055401599025686,519.0385731379865,31950.873109919223,27861.69773970813
2024-03-04,29532.9213392126,0.010632934493221002,29907.797264448127,27636.11942248986,0.01961465299849212,40.49104487948431,466.7861226556015,31831.570549087657,28134.66854170368
2024-03-05,28909.88195709166,-0.0210964359050283,29677.887602437928,27718.167621758712,0.019299847742112016,41.56697613501795,370.82694581039686,31715.385976865582,28338.50778280609
2024-03-06,29049.89620571692,0.004843127648638257,29464.540757369814,27818.898551784157,0.019596960902934966,39.178801447285885,302.58853426007045,31717.488664924258,28333.38933469135
2024-03-07,29121.220032650737,0.0024552179611498914,29321.222651777625,27914.308908683965,0.019195046776439954,40.78733446483274,251.36673893461557,31701.776841978208,28369.550362270988
2024-03-08,28318.22401433564,-0.027574257445765582,29210.26262847248,27989.556438507614,0.017620250121923416,30.27043114660937,144.3144620598032,31684.835128114206,28127.10402647086
2024-03-09,28599.83980384599,0.009944684008707183,29157.371310526774,28066.869635051647,0.017944516009780462,28.99320450336019,81.26206353409361,31482.9615622412,28046.308175071626
2024-03-10,29029.398334115016,0.015019613159205969,29082.158397972024,28147.99476241838,0.016967521463821425,33.71703281123973,65.20275014043727,31354.68726884739,27999.06997849742
2024-03-11,29844.43588130897,0.02807628107938198,29069.530990591313,28253.412354845786,0.01942823488990125,44.77985503135925,116.89485594560392,31342.844300669694,27996.24304657176
2024-03-12,30660.533511528967,0.027345051300872614,29228.85546427864,28371.806779105515,0.018057402581004654,59.49733366957987,221.16403919004733,31385.997985396036,27980.855373069408
2024-03-13,29635.192099439115,-0.033441734198927264,29270.15431792456,28465.574133351594,0.021859522536643756,53.50912314695583,218.54241439501857,31335.062692163538,27970.957852767
2024-03-14,28970.011661199835,-0.022445625997878027,29213.86335012329,28554.449342033255,0.022825620186627208,44.386647194800844,160.9350960277443,31175.808022221678,27945.85259234974
2024-03-15,29371.996115285136,0.013875881680216473,29260.07476594263,28627.993487575328,0.022191789629394557,45.97705760970431,146.03427488608577,30886.11448386434,28051.847884516228
2024-03-16,29778.64108525746,0.013844648772805224,29332.94925389668,28703.069118316384,0.022508796014196312,55.121720139432,165.1345490904314,30577.270703448143,28220.219307818363
2024-03-17,30191.855231150217,0.013876192157651124,29440.012773746636,28801.39028788132,0.022782519365633525,56.73110611471343,211.18022799308164,30493.63109706676,28267.604328457503
2024-03-18,33130.07487163989,0.09731828726636804,29921.19785947706,28949.67287653639,0.03473693643584665,68.29631460699838,479.2371816112209,31579.115025088948,27552.345462860583
2024-03-19,33636.04608058086,0.015272262767329181,30424.818487150547,29120.093000787423,0.03466871839109916,74.32856417663582,724.154296622306,32490.642585905374,27091.547211771944
2024-03-20,34624.580581677415,0.029389141004515063,30984.336711906788,29299.897683661777,0.03488046176891747,76.39098705591547,986.6459076543906,33491.43793289057,26575.057176988237
2024-03-21,35485.002935637414,0.024850044087330048,31548.393417339634,29481.548206459684,0.0347949186749658,78.03226403593817,1249.6955809138963,34539.25366347904,26078.670744451912
2024-03-22,36098.35345019392,0.01728478128264488,32092.175411206124,29685.771712946287,0.03463942012970734,84.8535469375522,1490.475330857742,35570.36573618555,25750.665139299213
2024-03-23,35849.934288019045,-0.006881731116008649,32713.649630064123,29872.039547896897,0.0311900367885374,82.57597856253689,1642.318047012246,36365.746594075354,25618.057353913337
2024-03-24,36566.009139339876,0.019974230512331603,33473.24937787812,30066.621259709344,0.02749640314064515,83.01334065951599,1799.690042999202,37213.0189683184,25474.09375968301
2024-03-25,35896.09680203188,-0.01832063036343945,34125.6594465528,30236.23720347154,0.03051710453860172,76.85004662451104,1849.0376022008968,37780.00284145763,25605.7313710378
2024-03-26,35719.47130803237,-0.00492046516850031,34719.74246883029,30375.77175739895,0.03154250814602828,73.79580215081714,1852.5387832256129,38233.419695968594,25819.272026758383
2024-03-27,35321.76754632424,-0.011134088695727629,35232.73370034769,30510.303945071773,0.032935683091488206,78.42645901247575,1802.4446644822092,38551.88177061783,26120.864703476494
2024-03-28,35429.387796857045,0.003046853484658163,35462.66499286941,30657.193237008367,0.016608682431214383,84.19578041412025,1751.2415468256659,38751.24141721579,26632.62143513068
2024-03-29,37514.990584053725,0.05886646416683772,35850.5594432167,30857.723858445566,0.02339715316232398,86.58682267829802,1857.5408473916395,39241.01107296887,27034.366857398363
2024-03-30,35801.24467168751,-0.04568162981479362,35968.2258522177,31034.642476439156,0.02842196931525906,74.2155274101648,1782.9461428897048,39367.6424958788,27584.920068245683
2024-03-31,36451.27014096012,0.018156504759362813,36064.85257274997,31225.061647927556,0.02794354049311086,74.69737282508538,1756.0384073627574,39580.272671203114,28032.973318886492
2024-04-01,35018.082864067386,-0.03931789677974129,35956.82551413732,31381.684803160104,0.030365101448602733,58.453366505230846,1600.6166847064742,39624.533158576975,28424.46776676647
2024-04-02,34639.94721737124,-0.010798296644735972,35835.826807072546,31526.440320937716,0.030451296277330116,54.546917157146595,1430.4422158267116,39482.46744465325,29067.00899248341
2024-04-03,35617.61694462047,0.028223764924184103,35740.9875876006,31678.86788127867,0.031244641343797074,54.502138840491796,1358.8040521735384,39201.75549749026,30012.481467988462
2024-04-04,35710.472088998475,0.0026070004773866007,35722.425116297265,31832.410617692873,0.030740815757887167,51.09867814086248,1294.5995872996573,38819.460460639224,31028.624102210833
2024-04-05,34784.01319080476,-0.025943619448232758,35628.8793045745,31946.48980538342,0.031807827425083486,43.78505912976564,1155.6381190975444,38230.61103860509,32118.010734799707
2024-04-06,34196.76886253731,-0.01688259273149917,35516.379436195806,32052.090622907865,0.032038389881104495,42.425610060601734,986.7498073497991,37410.98108340366,33338.13205313984
2024-04-07,34811.96680989534,0.01798994372336682,35454.63733749963,32130.087868886232,0.03268197905718799,41.88843522965188,892.2605126660201,37225.94102928419,33691.36130108485
2024-04-08,34211.141303145436,-0.01725916579292841,35124.25240940881,32185.780015417775,0.025103187693525687,42.157816842175016,760.1331272594689,37145.15289376876,33829.65895885674
2024-04-09,34430.4848293103,0.006411464739549455,34987.176425171085,32258.699247328077,0.021809107220492358,44.024511641889795,665.4495239454409,37158.8238688276,33796.57840856118
2024-04-10,34504.141827700914,0.002139295997595436,34792.46359384517,32348.95938623525,0.02058065242108143,46.09224158520674,589.5595152497117,37165.19939779484,33692.11676880031
2024-04-11,33976.57319930936,-0.015290008690145407,34688.31262736936,32420.83338223565,0.017308000263665038,43.324393597534005,481.2976575651337,37144.01706644264,33501.12107506403
2024-04-12,35831.64660466338,0.054598602233133064,34807.48256609858,32532.595909633153,0.024742104606595674,42.0977100260627,538.9753038796407,37142.00600871716,33501.303364453954
2024-04-13,36435.33731085986,0.016847975557950257,34889.25460272251,32645.03043655453,0.023727941488392575,53.32301162386488,626.1798374821301,37117.51670411724,33512.725486205876
2024-04-14,34627.103816984294,-0.049628564666440056,34780.9177755211,32713.392941350347,0.028894336384538314,41.47517410947167,543.1199786850848,37057.29482660859,33446.04806520976
2024-04-15,34823.14024366742,0.005661357869235717,34784.83048080736,32786.18845309573,0.027776505744422246,48.969864624126124,487.4934227397898,37008.07914465519,33405.63064072668
2024-04-16,34281.82631206133,-0.015544661619209643,34793.33622575976,32860.7369575655,0.02768677228451616,48.1396642612505,395.1741445036532,37001.581296232725,33308.134365722835
2024-04-17,35046.682426525775,0.02231083336990558,34816.807787422804,32973.114121148275,0.02802015764948119,46.967100610280205,379.3549795807194,36978.395274770504,33293.04985015193
2024-04-18,34387.34854304514,-0.0188130184608174,34834.42851141277,33078.28603234312,0.02813688175092629,43.370349816804044,310.04147812890733,36468.84006270072,33489.840858120864
2024-04-19,34323.09884150541,-0.0018684110366725681,34823.68991263229,33169.11745997998,0.02807743524022329,47.47212170287595,247.07745973893907,36369.69327197575,33441.17306582763
2024-04-20,34790.74014760064,0.013624681974511388,34852.34974462226,33265.518063829666,0.028405781251302012,53.30093286988289,232.23569812774804,36093.12535414922,33551.68798431821
2024-04-21,35578.53748754344,0.02264387985425298,35012.54617344567,33395.74303808742,0.028493245139371966,54.179947460369014,280.8052089049743,36163.335983755525,33537.522817059515
2024-04-22,34546.49625716604,-0.02900741017639441,34884.03113869594,33502.22889197115,0.024270405768564405,51.74648816944208,233.33010969571478,36162.47714087559,33529.03656391891
2024-04-23,34292.146611123295,-0.007362530896023567,34669.71206872228,33597.413397409364,0.023213207839400514,49.28216856120671,173.18548630390433,36065.701474539674,33493.26519690512
2024-04-24,33919.26640166949,-0.010873632779023867,34598.92832719079,33697.60108630092,0.017651427803348028,47.056509616237356,94.34457678064064,35952.4191963961,33427.42690631579
2024-04-25,33399.17446087951,-0.01533323081434268,34456.531748912006,33784.58665140417,0.01789598102343004,47.09194891676809,-9.989334239704476,36007.255728504955,33234.106501214424
2024-04-26,34906.69148968659,0.04513635600702748,34519.01826667454,33900.29608054488,0.023089178223727854,45.17248469335278,28.639180327132635,36033.37496058911,33278.97953184519
2024-04-27,35295.01247226327,0.01112454277402386,34543.851271248284,34039.83184970344,0.022254160564979027,43.91155447930344,89.55448601579701,36085.685654910216,33274.973403760865
2024-04-28,34217.73461237723,-0.0305220988583762,34526.88987818149,34152.18974587406,0.02367112415293719,47.629238656764194,50.3228935471634,36085.554922753494,33275.76346684077
2024-04-29,35037.131259867616,0.023946548676369472,34598.29312001772,34272.344404389114,0.024852432716804006,51.15582504248552,84.37738536102552,36119.335908714886,33302.64712393512
2024-04-30,36931.02502184432,0.05405390492531592,34812.321607442085,34414.07618719982,0.029706915646880532,62.4848571622238,261.1765336308745,36549.89729071062,33114.77406135372
2024-05-01,37921.20605615615,0.026811631513778744,35046.58846430336,34559.28963809236,0.029988336664200543,63.26502494725514,475.706814543737,37183.797889337395,32875.33674841163
2024-05-02,36518.71872335038,-0.036984249148850346,35243.81071092178,34696.96017057059,0.031130885923822627,59.20429686212201,526.4856027896094,37292.633403530825,32835.20844608691
2024-05-03,36113.14724449211,-0.011105851821656132,35425.910774258664,34839.82288223644,0.03133127324751753,57.50894015014057,527.916437400505,37239.12966832852,32856.49317465242
2024-05-04,37293.06411364324,0.032672778729665675,35763.29054545604,34998.2442422036,0.031805926178032,59.90491912394287,617.1457425418921,37579.25375961559,32782.965113031256
2024-05-05,36670.57810894216,-0.016691736640469634,36090.4309102623,35136.0829826773,0.031928722488854186,54.37993152720396,630.3647391575141,37754.45866580291,32792.50399337141
2024-05-06,37114.12656220366,0.012095485703655706,36311.17441751401,35274.528409298364,0.029487004349941327,60.80841791796219,668.920641732977,37979.66995153334,32850.522732655205
2024-05-07,37869.98734622509,0.02036585133573343,36568.671904910196,35369.326658790065,0.029789903243756664,64.45074863268923,751.8018172142329,38337.14134426004,32775.381831898434
2024-05-08,37030.286202834,-0.022173261789452114,36849.927063955874,35437.21146123513,0.02870422831466287,62.108667825189954,741.1849624379829,38486.538407537446,32890.27853459993
2024-05-09,37012.210464754484,-0.000488133901545007,37047.43498444456,35484.964058896665,0.028260813982343216,64.63450739933873,722.9784223256065,38603.13621570783,33042.59188875443
2024-05-10,34050.06095113995,-0.08003168350172685,36759.33857737412,35456.26521920672,0.03406485328442942,46.896011458564786,464.1781414099023,38642.66709884469,32928.9930859715
2024-05-11,33212.099471465415,-0.024609691033357306,36288.42791890505,35398.540139632154,0.032127046710684184,42.69076809300862,189.27867916389368,38747.77908288158,32587.237300326826
2024-05-12,33035.60360675203,-0.0053142037848291634,35940.11640724521,35342.25352600681,0.031008129115401302,45.57178879666237,-42.334856580499036,38856.58865350658,32327.338464660425
2024-05-13,32038.107445694724,-0.030194579549121192,35532.61242736548,35251.695492133906,0.03169597744719556,38.913712558019554,-302.88834778559976,39071.96693926201,31886.556262362123
2024-05-14,33377.62977191363,0.04181028259829089,35141.068993192515,35201.326151531546,0.03320469259858423,36.303018923035786,-396.7174975181624,39102.10776121264,31802.251777435915
2024-05-15,32217.63916580893,-0.034753534449015855,34695.775098879196,35131.28950868708,0.03405779580256427,28.299016759702553,-558.2442301600822,39217.04417841828,31569.161830723213
2024-05-16,31895.426942742062,-0.010001112167424608,34173.905136933034,35062.76269661543,0.03299734562160746,30.833694830717192,-704.1382951223641,39372.04223082846,31113.03732361858
2024-05-17,32031.57303296682,0.0042685144321523705,33590.06370560721,34994.80640133762,0.03146229608804831,32.69281976240825,-799.5577371675026,39450.94603751169,30707.789573005717
2024-05-18,33217.760871479426,0.03703183222665296,33208.811172471746,34908.86180708614,0.03551249982949267,32.728595927505026,-770.5801193196094,39464.847574243926,30593.8906621837
2024-05-19,32058.575492793738,-0.03489655377948597,32713.447675275667,34834.00842350827,0.03612555501251611,31.30451152233752,-831.5659461508112,39510.57019420696,30250.31246551327
2024-05-20,33022.868392260054,0.03007909380387397,32610.728419387677,34765.44038853426,0.029894200851639186,34.08724356233782,-792.9466795095577,39280.52196118253,30089.54503557927
2024-05-21,33064.33938633481,0.0012558265254896117,32595.95241087462,34726.36551897961,0.02888580533788383,30.208828801411997,-750.3447624768669,38826.067837848976,30058.312491930694
2024-05-22,32286.08034699932,-0.023537716276198717,32521.000084899355,34679.28818157217,0.029813266128307387,30.362486012109287,-770.4995968571966,38600.99478228223,29860.12170986233
2024-05-23,32691.3541748136,0.012552586856581671,32586.324757811242,34620.76292617604,0.028332370621769108,32.670331302157535,-745.1802632058025,38387.29710245472,29731.640082722
2024-05-24,32886.733804236486,0.0059764923893368405,32537.23516104352,34564.2881604808,0.024842518706091304,44.003390642314564,-701.2652562804506,37915.17575097112,29763.128403264913
2024-05-25,32426.141221442438,-0.014005421928969919,32558.085366606876,34517.13072109355,0.022483449019836507,45.78461898852022,-695.6097132281429,37520.11501431817,29733.745451167895
2024-05-26,32515.15266929982,0.0027450521247505133,32620.057939262653,34483.4983972288,0.022157460681065732,47.182188676398745,-676.150927666029,36951.46572892707,29842.49734726862
2024-05-27,32234.454561281193,-0.008632839921543956,32640.346092094092,34431.94815225652,0.022394534173654817,51.152512183385134,-675.5918885898936,36008.71583749788,30221.693960203418
2024-05-28,32358.16825852794,0.003837933631281265,32554.38683079894,34394.88869136416,0.01857031530700305,43.01969552278841,-657.5859432246325,35125.783763991225,30637.414239279467
2024-05-29,32926.159821168585,0.017553266863026273,32641.145263636427,34364.802191201336,0.015553777458174668,55.27926083294016,-590.6749959246808,33803.816872742005,31550.776066170096
2024-05-30,34264.62206017632,0.04065042040363376,32765.320630428054,34360.01179585084,0.017810675767246435,65.33129114996605,-424.7486335788053,33872.20066984665,31503.84837996908
2024-05-31,33238.55467604823,-0.029945387470671214,32782.74215939939,34345.25142538562,0.02079630567401538,57.003827008495975,-371.7604357900782,33876.044721808496,31502.649848465517
2024-06-01,35044.26689195798,0.05432583436640659,33058.56081389526,34329.50383113151,0.024880469380264045,59.88785225294314,-181.96346091676241,34373.46089524272,31206.10000355188
2024-06-02,33369.0740127749,-0.047802194988062485,33126.332797691386,34268.17856516981,0.030480016949397296,56.71904529789131,-164.8220896441053,34418.72928992337,31293.928265579263
2024-06-03,33275.819885030716,-0.0027946273758895357,33165.24140577081,34241.15288653074,0.03049410870763299,51.424103263898935,-156.95300166199013,34407.13726280864,31295.339304005684
2024-06-04,33798.51413987188,0.01570793016211436,33302.47869761376,34220.66036445482,0.03025197156641577,53.92090895712318,-107.30271580079716,34511.07651485597,31349.48754936465
2024-06-05,34069.74034438253,0.008024796693375746,33457.93746512203,34216.41864510125,0.030262759174657303,60.071177755806296,-45.54381779130199,34619.19665270545,31458.79875167923
2024-06-06,33573.42981090543,-0.014567487995514883,33591.83499008445,34186.95359278884,0.030617931674323313,54.92983109796749,-36.22992238840379,34638.7429037836,31593.438178394932
2024-06-07,33432.31879660489,-0.004203056258931803,33699.25004389214,34167.852997860035,0.03074255729531911,53.06782864014171,-39.7765533714919,34655.49831034444,31598.13856434665
2024-06-08,33053.69700503804,-0.011325023366470899,33712.00376227909,34142.464961130696,0.03065234179589747,53.56158330454939,-72.30540656447556,34621.33168768174,31731.81733823377
2024-06-09,32599.73359950603,-0.01373411892360532,33545.51491621206,34098.6448301688,0.02745559201106978,50.46093052416412,-133.18058706791635,34621.88171666369,31688.953829976435
2024-06-10,33324.75338381721,0.022240052425525514,33554.13478698896,34053.56914809428,0.027066222974931966,55.66722196364983,-121.52075324872567,34636.12134911263,31700.755597275715
2024-06-11,33655.51446280075,0.009925387149126275,33415.25954407324,34035.74951220697,0.019987345189744873,56.60133785371694,-84.61520474498684,34658.315083122805,31815.505274845687
2024-06-12,33106.16425464584,-0.016322739881516335,33388.96856826033,34012.02986507742,0.01382550918195868,50.917664532080124,-98.55913400660938,34657.47934204708,31857.82202390464
2024-06-13,33883.82794988929,0.02348999688583131,33449.76937474618,34011.321096041815,0.015748861238332423,47.94097421926244,-46.32483356245939,34722.6512898966,31892.359490620398
2024-06-14,34178.02388020084,0.00868248802191518,33487.72034877908,34026.89808442824,0.015213219502179383,55.516504374819,18.596015454968438,34797.3589862175,31992.840060175342
2024-06-15,34906.75242680576,0.021321552970974045,33571.4215570214,34026.89930317063,0.016408120795284743,49.075606766691905,127.38019985071878,35006.04946927197,32023.30955287145
2024-06-16,35491.11663187767,0.016740721048090323,33763.19023911863,34030.82138636291,0.015752747465910218,66.71619738908586,257.7742957237715,35286.82178651915,32068.20344268393
2024-06-17,34791.058783012544,-0.01972487527305189,33899.0642377594,34042.287869775624,0.017502472991634065,60.894621598694656,301.1522427721211,35355.48742477205,32242.826856879496
2024-06-18,34338.61755433001,-0.013004526004924188,34027.5562926886,34028.31759566487,0.017674460562245826,53.92299456860939,295.6137016441935,35387.008813664375,32352.55124130331
2024-06-19,35014.481904562446,0.019682340128081455,34269.03112319424,33989.98673331923,0.017106951192896305,56.48108370613917,341.8206765437717,35500.72989197246,32313.816147433834
2024-06-20,35583.791351819586,0.016259256635836605,34494.93491999448,33943.2384392325,0.016624454856288415,63.654652606301745,419.5423287215817,35750.453102423424,32298.61660456
2024-06-21,35600.78119420789,0.0004774601508963361,34689.46159313519,33924.87968864965,0.016689440332422773,64.98109101794851,477.0095669577131,35863.34949573447,32241.37164147396
2024-06-22,35740.80563793372,0.003933184582719518,34952.92573146398,33917.432856518484,0.014837975263726225,69.19710498339487,527.7677910928396,36100.28818473837,32241.60611498593
2024-06-23,36918.165761341275,0.032941622394710546,35256.359512609175,33909.934889472446,0.01618899017211492,77.96140282386355,655.4416484381363,36589.782812508085,32116.34607484729
2024-06-24,36409.090662284914,-0.0137892847208958,35479.46619081758,33904.7051405393,0.017686812268338452,70.54530262593012,707.3916239441969,36882.837902029656,32084.348637567018
2024-06-25,36943.48270675016,0.014677434529250855,35683.13921881202,33901.29226343023,0.01718517296396263,71.3232573366276,782.6612934980803,37255.45335206459,31999.10742376883
2024-06-26,36793.68367049132,-0.0040548163108473645,35813.395922673386,33879.76618991555,0.016973666574884368,75.22151379813477,820.7642591336335,37536.453911365184,32040.13225042683
2024-06-27,36630.24502084796,-0.004442030080680448,35997.314546456924,33871.76536627583,0.015224044061354282,70.50776835612619,828.2257301399804,37736.006000353584,32160.372783862742
2024-06-28,37673.08689865697,0.028469421299679665,36330.76148088962,33884.98289495388,0.015341846375835813,73.47353984707198,907.8228075896623,38069.63885832574,32288.678915252476
2024-06-29,38488.15953163058,0.021635408724700822,36678.129243596435,33973.7448665637,0.015498699328950549,73.77766859362038,1024.859670243699,38455.91505709796,32491.245309692717
2024-06-30,39309.409907434994,0.021337740900015945,37050.69109915798,34095.69107528308,0.015820617852698317,74.5773305459905,1170.3887559172217,39035.1451925316,32510.48082662085
2024-07-01,40631.6593562399,0.03363697017885814,37553.778915361174,34247.61219027284,0.017005990620001587,84.80646587130528,1376.5480952422586,39884.19099769479,32359.049510801575
2024-07-02,40693.62653905601,0.001525096040819074,38049.061005473406,34420.72257214007,0.0171717234799368,89.72062061892763,1527.325038411116,40505.65501352972,32496.331723407664
2024-07-03,41428.09865387199,0.0180488242823742,38500.054294726484,34581.731949779234,0.015864799300365422,89.79538275972257,1686.6400766807346,41249.36251088132,32507.051296454338
2024-07-04,41148.1827074966,-0.0067566689148362835,38973.96349924765,34760.34282061299,0.014723990145037417,85.81220001677433,1769.9091043699373,41798.27004920844,32655.159640856786
2024-07-05,41522.80229769953,0.00910415881221116,39431.89545834259,34952.89032771214,0.01473400807556563,86.43657615814087,1844.862650588555,42373.20096304736,32741.833714107255
2024-07-06,41429.227492074024,-0.0022535763591921,39895.449840500856,35140.843416894284,0.014527524468498147,85.20050426034041,1875.098206287279,42862.06780057879,32846.77796259546
2024-07-07,41571.11841705351,0.003424899124818026,40389.53718012141,35307.91056780576,0.01372735882851535,83.02514872659484,1888.737325636066,43245.67032409337,33141.181402484974
2024-07-08,42231.22311500005,0.015878925635922858,40845.35080175572,35511.36352024989,0.012668833972458122,90.45625859728044,1930.557097889272,43605.37719954297,33570.735083102365
2024-07-09,41409.592832341536,-0.019455517080836815,41137.49413182682,35679.09800905152,0.015405433601997824,79.84239637857847,1875.7780695805413,43779.209188271474,34036.41418715178
2024-07-10,43617.12505351656,0.053309681892136584,41568.26564643497,35890.15372239515,0.020933825702674037,85.76016945248675,1987.5830756480063,44348.72932603133,34270.22741956162
2024-07-11,42563.752530197984,-0.02415043453749255,41761.474963830784,36095.70716605913,0.021838616527309253,78.44307831256849,1968.4993540327341,44578.76192515072,34736.491954041245
2024-07-12,41314.30569173615,-0.02935471531969336,41823.54287909879,36268.16619639758,0.02439708778259169,67.1156562164129,1831.4437063482255,44544.83762889134,35327.76625568085
2024-07-13,42551.78366374552,0.02995277183750167,41935.91138008614,36461.467193587756,0.02554262579414676,68.37163670370074,1801.9089635494456,44737.60256232583,35698.3631124868
2024-07-14,43436.50193961349,0.020791567349073503,42164.74330329783,36681.67440795118,0.025860617529782852,68.55210876206436,1828.8104495905936,44932.11572809161,36206.59107445387
2024-07-15,44157.67798265153,0.016602995426303835,42428.23087179304,36914.524914218215,0.026077312454833038,66.75561838164026,1886.5756805536148,45222.94481668991,36637.181513445714
2024-07-16,44895.49262713261,0.016708637731607023,42774.85738529889,37167.74567553525,0.026061533308378883,68.7621051481498,1969.190910861551,45512.03197969921,37158.27524610053
2024-07-17,44926.64249725837,0.000693830678827112,43110.40979331938,37419.115160309855,0.02613333366925391,66.66858338892467,2013.9619110175481,45594.069526514126,37905.877446926665
2024-07-18,43963.80348033447,-0.02143135928714579,43283.66782985282,37639.86803349317,0.027525297133898896,62.59520973434393,1949.2801016869562,45513.15470839246,38615.863923216086
2024-07-19,44091.08370129837,0.002895113954843209,43551.8169167485,37836.39726631561,0.026254075362913416,61.748762325972976,1886.5428601323292,45464.69514808371,39224.615900491604
2024-07-20,43388.75494245979,-0.015929042787802827,43528.979905642824,38039.401271643845,0.021213470687027884,58.491064296964,1759.8644609427793,45350.31208979747,39746.93346228033
2024-07-21,44489.87447622274,0.025377993335443882,43721.59210024531,38228.313423329135,0.020809979403953738,61.67690104195829,1728.3981627218818,45518.67206378551,39964.39500029057
2024-07-22,44370.80023960316,-0.002676434537553507,44027.24155503201,38448.3479478657,0.017399571030927676,58.94699424505508,1674.5494354085386,45617.246367635766,40233.53806649503
2024-07-23,43499.47175941194,-0.019637429919812655,44122.010364598646,38652.820985353326,0.017292020557593154,58.70299968730055,1543.7693921089594,45636.31985585008,40421.60188883471
2024-07-24,43193.46837259987,-0.007034646041324977,44097.70700789728,38840.72007000789,0.016197038949694622,47.90375438388339,1399.3030550532276,45583.832819068724,40678.61749212641
2024-07-25,43682.56038373012,0.011323286356890616,44050.19524800514,39032.97647079484,0.01565669284600245,55.86325084696518,1309.186591808524,45581.33622450267,40897.08989529551
2024-07-26,43110.619648672575,-0.013093113820099367,43871.70795015914,39223.72026755018,0.014726203366655923,60.133388267042235,1178.0381179021424,45507.21701664504,41139.34831881299
2024-07-27,42267.56949980511,-0.01955550988916077,43605.80065041382,39400.42528161419,0.015393595312230146,48.32201556053816,994.6096650128165,45444.43427790494,41271.77616582825
2024-07-28,42567.338723003624,0.007092180287297856,43466.154174680734,39590.69811597349,0.01484445830932108,44.487779485316416,863.4765454827357,45428.172956774266,41321.64904775928
2024-07-29,42870.595436931566,0.007124164277718004,43344.10534824405,39796.11535272201,0.015093140850944388,41.38042829743709,775.0881521416595,45301.01462140262,41594.90764358993
2024-07-30,42370.142137847266,-0.011673579384278265,43242.24406778279,39977.02312780261,0.01473446467337199,32.532436623809616,657.0828725071115,45297.67416303095,41473.54981039468
2024-07-31,41913.56328094964,-0.010775957640458023,42984.61294825548,40142.184104165586,0.011209049557504052,30.317258330909823,520.7182246932571,45344.46548050818,41361.73956799261
2024-08-01,42198.62783757508,0.00680124843394081,42767.39570805268,40324.033375824176,0.011890970474317045,37.34884193011075,430.6859071375002,45231.11070532725,41563.52655775744
2024-08-02,40713.14716030601,-0.03520210853743311,42488.76324814209,40460.61976003251,0.014712126769422792,29.73531658367061,236.7397820095357,45471.83363798711,41138.93997475363
2024-08-03,39321.30331324151,-0.03418659435941385,42101.54674220625,40563.48534869332,0.01712889464190219,27.46328390740996,-28.94047797915846,45901.99705676309,40297.25669334045
2024-08-04,38654.370538116935,-0.016961105531310916,41598.727757644934,40638.43771091955,0.01563043421350527,16.03263697313308,-289.9673363508555,46209.555317312945,39439.36768833714
2024-08-05,38486.75827634067,-0.00433617879279613,41136.34162041174,40698.3505438088,0.01580934633939045,15.942551782754961,-504.5418663695091,46256.98827944791,38751.06129112298
2024-08-06,38824.39064270341,0.008772689139950218,40792.02373470157,40779.01718100262,0.016654708377178352,21.15824859187569,-639.972413467789,46111.40899008176,38286.41539503362
2024-08-07,40295.21018594587,0.03788390542373876,40564.81088099579,40898.14903363494,0.021857520426301194,34.366741788566586,-621.4555006112787,45923.572905230096,38107.39215044643
2024-08-08,41199.49476575493,0.022441490580050516,40397.70081387813,41021.84929085879,0.023309896325912058,37.1804981219642,-527.7291721992005,45668.05466884344,38073.751493278745
2024-08-09,41075.95959481891,-0.0029984632490858143,40268.282559575295,41131.692655718776,0.023141976335552657,38.98554093430653,-458.1375134644113,45498.26578467685,38012.26084268123
2024-08-10,41097.50782972729,0.0005245948024328317,40186.67701445306,41241.627188429164,0.02298766454388705,43.04760667665986,-396.67424627536093,45107.81408301075,38063.475879697806
2024-08-11,40108.56887723867,-0.024063234115945242,39977.67111841942,41328.98245321526,0.02377409351379174,36.49618436087563,-422.888477636021,44695.28719519189,38049.77963128021
2024-08-12,40130.1140613638,0.0005371716001902893,39919.3678085252,41393.22141921571,0.021250434765443287,34.46838919794597,-436.88874703240435,44412.45587262049,37995.675184046784
2024-08-13,39880.64657280858,-0.0062164659730035154,39975.302134481906,41462.652537426184,0.018028382769287282,35.47769843337318,-462.7793703242205,44155.11551424821,37921.73336243994
2024-08-14,40242.28284056462,0.009067964008452334,40134.09336472667,41528.62854010247,0.016901253685581763,40.141499370119455,-448.94173051447433,43738.81965698635,37994.001465385256
2024-08-15,39450.2835832827,-0.01968077358880793,40230.445895420875,41581.7605383583,0.01838950336600292,34.7029966089862,-496.16355767731875,43416.81362276602,37949.9738930666
2024-08-16,40001.94304848607,0.013983662856029255,40348.201135999145,41649.19449891106,0.018654920550281315,45.582284285302165,-483.49940728807996,43213.401211247954,37926.823659452755
2024-08-17,41574.75835918775,0.0393184728250644,40476.15595332334,41727.227928121676,0.01895482573975163,63.689782345029364,-342.60063895234634,43040.26927585524,38000.69755846389
2024-08-18,41503.29119526686,-0.0017190037114213075,40506.53559627452,41787.5305613944,0.0177437814626758,68.65707346075152,-234.0066695553469,42769.497952879545,38134.73845727312
2024-08-19,41961.60345093274,0.011042793052473465,40595.09998188591,41840.57443226436,0.017957448506768565,71.92148433379279,-109.69865980878967,42684.1784089193,38179.204132541905
2024-08-20,42727.5537669893,0.01825359979277774,40758.1045756121,41882.49232047935,0.018627606089209818,73.36110154926709,50.04523241093557,42862.80929541411,38081.97229465107
2024-08-21,42341.70208863332,-0.009030511797145868,40981.41789675157,41915.4538314709,0.016603092889218303,64.07682428156212,143.85019661838305,42892.46519929857,38066.62381587242
2024-08-22,42621.255218349936,0.006602312045260517,41230.53201245018,41939.31696276045,0.016509914624959387,60.69913127669196,238.00533052902756,43170.72362163504,37979.176199340334
2024-08-23,42677.2940717566,0.0013148100195448098,41510.19676234499,41969.89919004565,0.016047807950968974,62.174146091044854,313.5316222632173,43429.59001096115,38055.908885865756
2024-08-24,42824.18515536712,0.0034419024637208917,41768.38699382524,41995.92684719901,0.01606256828018689,62.88156340843342,380.84944015194196,43602.65344384258,38299.826914709345
2024-08-25,42039.42148775407,-0.018325244596386625,42027.300784272375,42008.13072711261,0.015822383170541188,64.85739561789748,366.6489258090005,43551.219316190014,38706.52736350324
2024-08-26,42107.22074790208,0.001612754356473678,42237.82855421398,42018.85277372958,0.015653953401075633,65.10578157853743,356.7533193605632,43492.514051873244,39093.51563833988
2024-08-27,42673.561068188734,0.013449957281136182,42347.708825114074,42027.69953279335,0.01077619933774257,70.3533211782527,390.1129316604638,43641.258494757036,39182.60628368037
2024-08-28,44264.37126340576,0.037278590194876005,42623.816831927965,42084.79510141463,0.015173038490942835,74.85762151850055,538.705886423726,44129.24391551397,39001.108512688515
2024-08-29,45370.173634368904,0.024981770652130253,42964.67385027158,42119.85607303169,0.016233409884278405,85.22043823573071,737.1979246037008,44842.23083603944,38717.54299611806
2024-08-30,47857.80035709769,0.05482956143778894,43477.69850928242,42225.73702956968,0.02193139962000546,87.98762255578742,1082.753671149243,46189.254005587696,38046.549079306824
2024-08-31,46987.56899572474,-0.01818368907220136,43942.285199991566,42339.202295649455,0.02305123292865433,78.08220620260681,1271.728991653472,46958.53542336791,37965.167673375225
2024-09-01,48059.262217328156,0.022808015918017066,44486.08589988938,42449.3518667211,0.023299441441735923,80.8148986134242,1490.7851380265274,47859.282016327656,37857.335896011915
2024-09-02,48327.603517776246,0.005583550143458904,45051.11684449135,42547.17389828435,0.023113757047033265,80.46605491478421,1666.8274631348759,48636.919846875244,37924.393759961094
2024-09-03,51021.6293197592,0.055745073330441874,45870.86126093056,42684.45292502651,0.02645084370674493,83.50933414545192,2000.6652181427999,49995.24008456269,37644.0081701931
2024-09-04,50041.63356169927,-0.019207457133878836,46671.08246832508,42787.37574371784,0.02658650258903339,79.68382072049043,2161.2431113876155,50759.21722823074,37939.16602436671
2024-09-05,49041.148877256834,-0.01999304605451946,47364.47528126055,42869.66587131782,0.028838759369359132,73.4459372141404,2182.6117069214815,51195.23741803886,38407.06641743568
2024-09-06,48355.31742710526,-0.013984816136100586,47932.65091715221,42957.49615025323,0.030345289399338837,69.82461840410595,2119.770215012315,51533.00879092491,38747.350951341374
2024-09-07,45836.13144625556,-0.052097393107745193,48089.82693543719,42992.39710515238,0.03517321746865513,59.021621467020495,1845.4177973517435,51520.26174196131,39193.382025403844
2024-09-08,45279.50317064461,-0.012143875542019011,48080.75988906475,43030.212069716064,0.034673927798018374,59.839422074713724,1565.0355245221872,51476.41547705746,39569.01826227888
2024-09-09,44465.45392992124,-0.01797831653884241,47741.52524634711,43029.72365879004,0.02916664629886164,56.85092901448905,1262.5892400023295,51441.012487140426,39778.2112684891
2024-09-10,44677.102583448774,0.004759844661905266,47510.47860511951,43035.849705666944,0.02908665779777424,55.94298563699779,1028.125072184106,51372.85246269354,40079.911342417545
2024-09-11,45103.49635573979,0.009543899394429012,47214.90201896068,43067.9301975935,0.02797659951094591,52.67374578116089,866.7258675841003,51315.80254342549,40385.185375424575
2024-09-12,47264.14646732851,0.04790427098039718,47108.556313915906,43149.34375948808,0.03271879048426531,55.65473516833068,902.755834504751,51366.5198545011,40793.153303906154
2024-09-13,48434.43490114749,0.0247605959546513,46849.83687205474,43244.381249836435,0.027761076475804707,51.868616888622746,1014.0529675876314,51513.35467297112,41207.34346001418
2024-09-14,47784.31927218827,-0.013422591391560101,46624.10544310363,43337.85524230674,0.02748742920323229,52.61928091252359,1037.8343411391543,51412.28979700853,41882.89811442018
2024-09-15,46758.850254097255,-0.021460366783709106,46395.87558078767,43427.68085739259,0.027584460927492557,45.7119214815223,962.8355031208121,51138.951062582375,42621.39979946586
2024-09-16,47380.64847629116,0.013297979287662631,46298.40868570627,43523.94705245833,0.027880070536509746,46.948567419633335,942.70538276156,50887.96702026671,43343.09258259176
2024-09-17,45864.19148755316,-0.03200583017551606,46301.21468983602,43583.818973470756,0.02434293150147031,32.016042987149845,795.2199117800628,50776.38702766524,43614.65459760797
2024-09-18,48010.01506750826,0.04678646914635887,46574.26587952239,43696.61643206399,0.027866856885646437,43.448430988837565,841.783091471545,50818.567135182544,43836.4586334046
2024-09-19,49473.64853175209,0.03048600301803228,47075.085339705474,43847.81813708004,0.027401526533074847,51.35427226529046,985.4283309248276,51023.611325494065,43792.99926055852
2024-09-20,48942.82639748675,-0.01072939130261763,47501.65772110927,43982.70210827827,0.02822300602447907,51.85768142127984,1044.3961593194763,51178.76009218107,43833.376234047704
2024-09-21,46895.628077563364,-0.0418283632272719,47680.87089329163,44106.35172662341,0.03255966353885113,53.453159179935824,915.3848066510909,51120.54717937841,43775.22573287391
2024-09-22,48529.791088724654,0.03484680935413542,47807.43535543125,44290.52148213308,0.030836433128189938,59.898242298925005,934.236382440562,51141.948125305746,43774.043544041415
2024-09-23,48439.35601077727,-0.001863496131315423,47807.92746639422,44486.221191586286,0.02989074627635961,62.659854437168825,931.1453728388951,50650.10019834259,44007.664140106375
2024-09-24,49986.7709920788,0.031945407799336634,48028.17263838327,44716.22144590104,0.03098092731263105,65.58855485624902,1041.5528097181814,50638.00053249711,44014.27754898979
2024-09-25,48044.250506981116,-0.038860691469859154,48156.71266367166,44900.61864318661,0.03304856118110743,57.92793318217656,961.2259160435278,50508.525259360635,44044.062985098695
2024-09-26,47372.38166372763,-0.013984375573844354,48155.885982415304,45042.162072742234,0.03324851897160015,50.317256256375664,833.7412236338423,50419.948264959625,44034.346403161944
2024-09-27,47425.96420900086,0.0011310924929546218,48312.06325456008,45166.69146160716,0.031241914064734234,46.83692501040468,728.6331209570635,50432.073477220045,44181.20446717606
2024-09-28,47529.092672169965,0.002174514844118569,48263.971015026254,45295.75412315417,0.027365161198323343,49.17103619810213,646.2067285034791,50395.757048078485,44442.47984647015
2024-09-29,47041.841677280114,-0.010251636786981044,48020.79032957905,45414.64080010523,0.025155001265656608,50.95244202109848,535.3944416212398,50190.62814837489,44905.24752090963
2024-09-30,47821.38371661229,0.016571248308687503,47908.64606149161,45568.89709689271,0.025903326072231454,51.467763120723454,504.6600269266564,49976.80141331187,45433.50236928901
2024-10-01,46592.82794489892,-0.025690510734564853,47878.36604822516,45698.151374563415,0.023542220067336826,52.473989679452266,376.82479685061844,49772.74389124287,45786.49305027392
2024-10-02,46473.57420163181,-0.0025594871255322227,47672.74435951588,45830.00992713988,0.0200296036913909,43.95072007102925,262.86157101074787,49806.27869556963,45673.901019377496
2024-10-03,46659.81197499582,0.004007390792797549,47494.78995593773,45958.3605098285,0.020189110994309156,37.682354593663035,185.43514441298612,49744.24482881562,45558.47259351632
2024-10-04,47306.562268716254,0.013860970851468757,47226.76908360148,46115.48608353717,0.017252547029753762,42.9091784620776,174.25280917689815,49724.8683420883,45530.07337989645
2024-10-05,48195.470169526394,0.018790371952222218,47241.89104985601,46279.356625957975,0.014171372362319046,56.26151585159018,234.41596529100934,49769.67123834073,45628.93247518694
2024-10-06,46888.599279981776,-0.027116052295946713,47193.51281148142,46385.63344437386,0.016126441857224692,41.83675091436919,174.62912529947062,49772.524466538176,45576.87432735856
2024-10-07,45137.17626422766,-0.03735285426839041,46964.6340170041,46458.31114575307,0.01976672592971844,35.90415355030497,-13.917148033833655,49887.970349465504,45388.726922098685
2024-10-08,46624.08153846067,0.03294192054746281,46874.13290363317,46551.560707503624,0.0230819461256723,35.57132182337973,-42.86646112784365,49855.55013365196,45282.553785007454
2024-10-09,47058.05150977187,0.009307850299489884,46875.75388688235,46638.170662359276,0.023103591233561295,45.13912197374454,-30.440353035606677,49559.65623582569,45336.8879806357
2024-10-10,46224.55161149042,-0.017712163413913795,46716.07067637016,46715.82765281643,0.022960093015032948,44.431187773396125,-86.84792002812173,49367.881218423514,45256.83551943826
2024-10-11,48063.308776847065,0.03977879938806317,46863.118759564975,46824.668723986375,0.025057650016717344,52.63560401879778,16.629320391111833,49442.6937265486,45298.79108124154
2024-10-12,48250.36472726558,0.003891865857321486,47040.79781212835,46936.13013709655,0.02497021688168465,52.96210759556827,112.43356667443732,49399.37538167168,45314.16678997254
2024-10-13,49721.15307331577,0.03048242960159575,47346.93192196034,47074.06949545552,0.026332750824769928,60.18090103029629,303.540424653409,49675.87945199371,45165.84242590437
2024-10-14,49854.80164512583,0.002687962035252678,47601.7558596013,47230.37709860295,0.026231392858347673,58.12546527641339,460.47029432943964,49638.226098354906,45190.29884484787
2024-10-15,52473.11092266085,0.05251869812204957,48029.51993491475,47437.694902098134,0.030015579082360792,71.14847887001086,787.0414987584227,50804.895659881084,44466.515324889675
2024-10-16,54828.28890189849,0.04488352106108007,48823.48889710642,47680.78945877233,0.029023953841694067,75.88473849693746,1221.8104407572464,52517.9594292444,43499.04227934343
2024-10-17,54541.86023432475,-0.005224103711976791,49763.95729411613,47886.3392381907,0.023741765283568316,74.26964177474807,1525.6686019953777,53723.12341562187,43005.467895498354
2024-10-18,55921.18426992613,0.02528927377385881,50693.66756726267,48097.35945090185,0.023375694976426727,75.3803194279403,1856.379123161605,55096.68688355984,42471.113587336
2024-10-19,56879.36013919929,0.01713439873962863,51675.79843020542,48277.79064654387,0.02316039856966436,75.48039699485682,2170.7631720724676,56486.24255802159,42065.309759066164
2024-10-20,58882.41168080738,0.03521578893830868,52941.584437137106,48515.687500245534,0.019502641261168917,83.81107286122253,2552.1250066229622,58176.67687028431,41480.97824322297
2024-10-21,57520.868581329516,-0.023123086514502567,53887.34041758536,48704.91962752555,0.023764808991792303,85.69479571870552,2713.215598330986,59245.47543807235,41504.98373907798
2024-10-22,58564.946346675824,0.018151286499960895,54918.79857952638,48909.66648410356,0.023220756612565133,85.32004359634648,2891.794594787054,60363.70910307409,41595.88728858064
2024-10-23,60173.175625131356,0.02746061217123974,55964.00083470794,49092.697410210996,0.023085587493318852,86.27357889468058,3127.043784083413,61655.46460306406,41655.46815360423
2024-10-24,57587.6253008717,-0.042968487160577884,56737.28320028253,49243.61724499444,0.030198719067544042,78.65104928448676,3069.4652736586067,62284.566799632856,42054.47226025097
2024-10-25,55941.686729635985,-0.02858146281664442,57084.140780980044,49381.62800204202,0.02987174813494212,70.05972878776302,2858.07430084933,62624.269739041425,42489.39097685338
2024-10-26,53145.676224934396,-0.04998080444400255,56915.87951328363,49477.43517799861,0.031462824286646096,61.002552462504006,2436.8403724801246,62577.94102573174,43161.42738465832
2024-10-27,52840.876691254954,-0.0057351708611139696,56745.78115897665,49617.53008289859,0.03146786194861184,57.39963092255616,2054.7290370542614,62256.97998074271,44252.75847235007
2024-10-28,53841.6066144282,0.018938556394899164,56537.82339342686,49788.77215177427,0.030898861357160145,59.08265833569063,1811.768650896207,62060.02442351894,45171.4665371706
2024-10-29,55917.68115587679,0.03855892630240065,56441.655495094616,50017.816696293376,0.033138519605804224,58.04613937998764,1766.3809197381197,61967.06604440991,46150.38788089013
2024-10-30,56077.17904470335,0.0028523695104942792,56161.132231484204,50245.81822551847,0.030675022470586268,53.2507212404655,1723.4145127287702,61583.91136942231,47518.805299199004
2024-10-31,58416.46036234777,0.04171538863928226,56250.691409586034,50512.07750565063,0.0330484928822878,59.11143904512039,1856.7206577873294,61596.76477436686,48541.26705280452
2024-11-01,56459.3607694644,-0.03350253645537227,56040.13285186489,50695.98179169335,0.03426502653363232,51.232085684825805,1783.881679608472,61182.17649615256,49776.754935238685
2024-11-02,54111.52303843579,-0.04158456098387886,55433.96759319534,50809.52355443912,0.03437354444948383,44.0424660553503,1519.1930693907489,60771.58676253835,50626.381665364934
2024-11-03,54090.49029675982,-0.0003886924724154639,55084.25409278415,50935.64697493055,0.032421645643297775,38.72367185751058,1292.825386044984,60257.80366247979,51563.7336305869
2024-11-04,54663.937998035886,0.010601636223482647,54956.47921962413,51093.74872980932,0.031718670737663775,43.01811973888993,1146.483850920944,60105.10848576985,51935.51151483431
2024-11-05,54673.921343967,0.00018263129764761743,55109.3037315274,51239.614187162835,0.026855242774484294,39.98475612078508,1019.5598512721554,60107.444754284996,51917.738490526026
2024-11-06,51902.71609629131,-0.05068605250099689,55015.48767203103,51360.3846793376,0.031814389230939974,29.91484575985332,687.4342494390512,60329.80766219518,51431.461168812515
2024-11-07,51838.97950965454,-0.0012280009878196108,54815.224961553664,51436.96396818053,0.031015901896347932,34.09047121637646,414.3034747162892,60478.43251640025,50874.615838580256
2024-11-08,50200.25929647319,-0.03161173751262125,54243.4827756133,51451.49618347495,0.028300269476330946,34.10409716477879,64.86660030971689,60690.25295952265,49994.885311185266
2024-11-09,51090.902945644615,0.01774181372075101,53744.85516570743,51494.45771443811,0.029441600411896886,43.64008347888481,-138.59945292743942,60349.873510002784,49556.11388718884
2024-11-10,51610.2397338747,0.0101649561524213,53064.233102860126,51588.749947564334,0.024731438023607496,46.24086694264169,-255.00212175384513,60109.32290540242,49205.60160704374
2024-11-11,50449.16444627413,-0.02249699465818389,52463.2134705411,51627.13741471532,0.023900709910863904,39.73789162990995,-435.9161772896332,59687.059542726995,48816.286779679
2024-11-12,49851.50969531493,-0.011846672933417346,52037.21213622901,51655.380488406074,0.02137997281439708,29.847346725525924,-620.3664154379003,58747.190659942076,48723.98906948227
2024-11-13,48581.276376113856,-0.025480338047223716,51486.29074416442,51627.270596086775,0.021860092131978575,26.809080619285467,-859.1381612118348,58455.52603152799,48115.018805420565
2024-11-14,48553.731888799135,-0.0005669774318293186,50875.270133240745,51637.46022372314,0.02092963603848173,14.393328858660553,-1038.6165745673861,58336.62576957447,47495.123583290406
2024-11-15,49761.6787243195,0.024878558012531027,50384.045871275994,51685.24616493497,0.023740402177255593,24.437106053060177,-1071.03704744469,58345.549648217864,47147.799954585535
2024-11-16,48585.15583234525,-0.023643151158388553,50052.28984488139,51708.429997401865,0.019669894731651084,26.836581596374614,-1178.0858304269132,58433.111829448244,46634.66568746416
2024-11-17,49245.970450757224,0.013601162887946217,49792.98893899165,51742.76755297361,0.020638992145264483,30.728094512484574,-1195.8159235404964,58345.16372809459,46263.05017245072
2024-11-18,48642.39014606653,-0.012256440459310958,49637.20202395099,51774.778522349334,0.01867218249748302,26.10306908561283,-1244.228346456206,57941.25464038183,45939.43015918246
2024-11-19,47726.85179513456,-0.018821820806558476,49300.79690889998,51772.88788391978,0.017716822643826582,24.278788130538175,-1341.0134653795394,57473.601113879806,45572.0509607276
2024-11-20,47646.87309375141,-0.0016757589988639632,48904.460244887654,51793.96878689682,0.01684250165596928,30.32130588908916,-1407.9401248699214,56213.96486610424,45754.728481643535
2024-11-21,46461.36847790526,-0.02488105806048424,48505.680648050766,51793.7246724223,0.017088248755881323,27.471435646824133,-1538.900808927101,55413.22112475439,45555.67299383748
2024-11-22,45864.74723680137,-0.012841232633679533,48107.0044021994,51777.82337765841,0.017115549102828562,30.099542300251656,-1671.5617195565137,55102.04697826795,45042.169560160466
2024-11-23,44537.102814934675,-0.02894694731472125,47702.58704608149,51722.434188582774,0.017535104986936056,21.07766068518056,-1862.3581507734052,54827.9720052581,44360.90578498779
2024-11-24,46769.21904894419,0.05011812832290974,47524.13576209599,51693.90916617113,0.025571535832995766,31.441754951678973,-1812.5585252158198,53995.92061384163,44403.48528149511
2024-11-25,46857.219487658374,0.0018815887992931213,47233.689838429884,51693.28157032467,0.023707261401572765,34.99567827538513,-1745.8658089389064,52956.98635911761,44660.749350588274
2024-11-26,46084.39691441799,-0.01649313769981464,46983.61394663715,51712.22598332848,0.02321014331770929,34.49092876055066,-1735.3674381093442,52567.40713930096,44468.49665221759
2024-11-27,46377.0096897821,0.006349497768355583,46696.71787053965,51707.28454635491,0.02267031428088198,40.130663393747255,-1684.023622038796,52082.44229435967,44407.26451517161
2024-11-28,46293.15072324823,-0.0018082012422707683,46461.793928257815,51691.98653062443,0.022578052693496716,39.92930688905638,-1631.2954372963286,51865.69411450033,44233.30183770847
2024-11-29,46083.7093995603,-0.004524239988330514,46297.47968870039,51689.16968638582,0.022031339481203924,32.0149209920707,-1588.1014900310765,51427.57881550162,44170.69778209875
2024-11-30,46837.37010215206,0.016354167501085648,46216.529389540454,51664.65091289193,0.022898120788881243,41.084722950565094,-1476.040973989373,50732.676449366256,44388.313185061845
2024-12-01,47771.199196522204,0.019937692751182734,46347.51246140215,51655.06760227706,0.022183764444563724,42.681188324261576,-1296.9298046167532,50297.114816227055,44556.07829322587
2024-12-02,47185.40349580657,-0.012262528690263341,46479.57808730267,51604.35261072688,0.022138548892580042,42.75666172037812,-1188.5508553976688,49927.55818221237,44659.02430728969
2024-12-03,46553.333498675755,-0.013395456016117024,46681.20115567678,51538.32324779788,0.020091932784389123,43.99670818022738,-1140.5153723857657,49772.99851836022,44610.789683398056
2024-12-04,46279.7724975025,-0.005876292428791174,46632.25650053261,51414.4564792947,0.012289340465627088,43.142236090484005,-1111.7059385254688,49606.511324826744,44549.88093780186
2024-12-05,43662.74257472128,-0.05654802911838963,46312.80880923889,51191.145552751164,0.02133602802705577,37.724317511340864,-1285.2313509818487,49407.764648149016,44138.73399951976
2024-12-06,42052.470384788656,-0.03687977655496366,45909.616156275966,50941.35775576044,0.023250382658463586,34.64366278066231,-1534.992559926839,49685.75518620801,43207.47491670513
2024-12-07,43531.53384645946,0.03517185668611322,45625.0685719437,50693.56474729111,0.02685337111343079,45.99825607590037,-1595.1936576287844,49368.30914636714,42953.477296116216
2024-12-08,45365.26457272127,0.04212419283753199,45532.27995689101,50463.282835961545,0.030900928583774863,44.229888801928546,-1477.900400939856,48998.92847649668,42995.14540865215
2024-12-09,45128.19019172855,-0.005225900988909404,45436.72803610783,50188.19840617997,0.030909127540144576,42.979885615436345,-1388.073721380264,48777.30041419192,42956.9073106163
2024-12-10,45823.79268904893,0.015413924076394192,45335.37029479751,49954.25688833436,0.03084961321665728,48.93523171609536,-1246.3885313820356,48563.02622359226,42988.873460745715
2024-12-11,46226.18304564391,0.0087812538635883,45180.86867970969,49707.48162231372,0.030172287577502534,49.389236258130666,-1089.0782426079604,48541.05630513338,42987.324835978456
2024-12-12,49830.531924373856,0.07797202021138094,45445.381522566415,49500.628748298564,0.03919499564980777,61.14636415900107,-665.8918865175292,49282.77841755546,42642.18119231362
2024-12-13,51275.08779044744,0.02898937278586433,45917.55695174359,49374.37799809008,0.03913775318127964,65.17681989067387,-211.5118873124011,50306.94822461987,42291.80988280051
2024-12-14,51162.388234909915,-0.0021979397870192097,46405.81852548433,49278.79202819556,0.03898485148208317,63.13635015395707,137.9039525041444,51078.608419267264,41959.46660674968
2024-12-15,49991.35734824093,-0.02288851101501066,47038.68000283629,49215.705650661694,0.033610376113798086,56.64748841833476,316.675677042047,51492.43708042084,41859.05173165435
2024-12-16,48033.63790417009,-0.03916115800643927,47636.796754774434,49119.56087492,0.03400053621053439,52.346929906357474,296.95880269951886,51618.31718462849,41928.09572642191
2024-12-17,48325.99900737206,0.0060865908966805105,48116.24327086569,49009.24872277887,0.03321339899530335,54.9986506498828,301.44921647347655,51760.408476890356,41980.903365919046
2024-12-18,47460.539872233574,-0.017908768632107552,48325.77080081693,48840.10589710602,0.03237540248025967,53.22203123857475,232.49255304916733,51817.62201756785,42040.42874014009
2024-12-19,45820.47718978599,-0.0345563427399419,48394.99950062267,48634.97186000766,0.03465190682613184,56.21955622466779,44.98597822747979,51815.44799624753,42016.27954048297
2024-12-20,45125.640714626556,-0.01516432210606311,48325.18430318044,48369.15546705324,0.03469103870125665,59.35178139795374,-157.86209383331152,51795.00304178753,41865.551556190425
2024-12-21,43950.62768967306,-0.0260387000903598,48097.62876758335,48118.9808054574,0.03534103884687054,51.29936389717376,-408.722880557194,51743.58315840746,41534.91428888557
2024-12-22,45848.35166393325,0.043178540876814164,47699.41074153929,47953.71737796736,0.027064474442126986,51.49184955690984,-449.2230331143219,51681.63318185968,41463.15908224603
2024-12-23,46904.74325603525,0.023040993923736153,47262.376288098065,47810.00243715287,0.026214004510293057,55.222024247718025,-391.56401670948253,51701.344168998316,41478.58907084333
2024-12-24,46942.299131940585,0.0008006839670846588,46840.367377801136,47655.569659830966,0.02631184667552706,53.42005950740517,-338.9313953319361,51734.5934597774,41511.59244350805
2024-12-25,48726.04094273097,0.03799860347225059,46713.83573725014,47536.612051806245,0.02941294940520839,57.04840514864581,-151.53975099493982,51870.61667179563,41881.8990682908
2024-12-26,48869.01326682639,0.00293420769119046,46797.37327351577,47475.93799521695,0.026387708739981277,46.63148009933272,8.40921274102584,51732.81377781515,42701.35625047505
2024-12-27,47865.62955356274,-0.02053210503320657,46751.336328134836,47396.4709960951,0.027261935793670557,37.674534854535864,53.58751531950111,51607.874838819815,43259.70476018071
2024-12-28,49736.127504283846,0.03907810193174144,46978.895091339866,47387.18836025132,0.029139022667867512,45.425352477589705,237.5864491314569,51828.10071672371,43476.56517543309
2024-12-29,50455.946097939115,0.014472751092116543,47442.44198215518,47374.4892232972,0.025645303546582125,51.534558522324815,436.4590463511413,52096.24516985011,43741.19631292774
2024-12-30,49198.0211427123,-0.02493115385816136,47849.68002496375,47326.24485147396,0.02686609996039947,54.032428134773525,486.94972812794003,52180.410471106865,43994.453857037326
2024-12-31,49013.11200613918,-0.003758466952090256,48355.92845661037,47297.52380267126,0.024452912724711243,52.39741463393536,506.2080835469169,52241.974104261964,44211.583119931754
2025-01-01,47989.205729951136,-0.020890456334619056,48570.01386321215,47260.27772336399,0.023527304803674216,51.82440266240814,433.84865241518855,52078.88635563498,44190.53824911645
